name,cluster,subject,owner,phone,size_est,priority,precall,visit_status,pilot_status,pain_notes
PANDEY CLASSES ARA,,Maths (competitive + school),,,,1,none,,,"PRIORITY 1 — already PAYS for software (Classplus reseller app; vendor Education Thanos Media; pkg co.thanos.rupyb). 45 Play reviews / 2 at 1-2 star. Reviews praise step-by-step solutions + 'advanced maths / competitive maths' => competitive-exam maths batch. PITCH: their Classplus test module ships EMPTY. NEEDS PHONE — get from Google Maps or their own site, NOT the Play listing (that is the vendor's contact)."
Physics World Ara,,Physics 11-12,,,,1,none,,,"PRIORITY 1 — built their OWN app (pkg com.physicsworld.ara.education, vendor Express Educators) => unusually tech-forward owner for Ara. 52 Play reviews / 0 at 1-2 star; reviews mention 'Assignment and quality content' => they already care about material. NEEDS PHONE — Google Maps."
Evolution Academy for Competition & Intermediate,Katira,Competition + Intermediate (11-12),,,,2,none,,,"DIRECTORY-sourced: Gali No.2 Maharaja Hata Katira Ara-802301, listed open till 6pm. 'Competition & Intermediate' = our ICP. NEEDS PHONE — Google Maps."
One Step Education / One Step Institute,Arrah Chowk,,,,,1,none,,,"⚠️ CHECK FIRST — possible WARM intro. Our Patna customer is One Step Education (said yes 2026-08-12, TRE pilot live). A 'One Step Education' is listed at Arrah Chowk, Bhojpur. SAME OWNER? Rohan to ask the Patna owner directly. If yes = warm introduction. Do NOT assume — common name."
Guru's Ashram IAS,,BPSC/UPSC,,,,3,none,,,"UNCONFIRMED — SEO listicle only. Verify institute exists on Maps before travelling."
TIME PLUS ARA,,BPSC,,,,3,none,,,"UNCONFIRMED — SEO listicle only. Verify on Maps."
Total Concept Education,,UPSC/BPSC,,,,3,none,,,"UNCONFIRMED — claims 'Best Coaching For UPSC & BPSC In Arrah'. Their domain totalconcepteducation.com does NOT resolve. Dead site =/= dead institute in Ara; go look."
Lakshya Classes Ara,,,,,,3,none,,,"UNCONFIRMED — site lakshyaclasses.org has an EXPIRED certificate. Verify on Maps."
Maa Mahthin Coaching Centre,Bihiya (not Ara town),Railway/SSC/Banking,,,,3,none,,,"UNCONFIRMED — multi-branch in Bihiya, Bhojpur: BSNL Tower Rd / Moti Nagar Ara Rd / Bihiya Chaurasta / Benwalia / Karja. Multi-branch = bigger fish; go AFTER a win in Ara town."
