edition,file,url,path,title
TRE1.0,TRE1.0/For_Class_09_10__General_Studies_And_Arabic.pdf,https://bpsc.bihar.gov.in/wp-content/uploads/BPSC_content/QuestionBooklets/NB-2023-08-26-07.pdf,Teacher Recruitment Examinations / TRE 1.0 (Advt. No. 26/2023) / (For Class 09-10),General Studies And Arabic
TRE1.0,TRE1.0/For_Class_09_10__General_Studies_And_Bengali.pdf,https://bpsc.bihar.gov.in/wp-content/uploads/BPSC_content/QuestionBooklets/NB-2023-08-26-04.pdf,Teacher Recruitment Examinations / TRE 1.0 (Advt. No. 26/2023) / (For Class 09-10),General Studies And Bengali
TRE1.0,TRE1.0/For_Class_09_10__General_Studies_And_English.pdf,https://bpsc.bihar.gov.in/wp-content/uploads/BPSC_content/QuestionBooklets/NB-2023-08-26-09.pdf,Teacher Recruitment Examinations / TRE 1.0 (Advt. No. 26/2023) / (For Class 09-10),General Studies And English
TRE1.0,TRE1.0/For_Class_09_10__General_Studies_And_Hindi.pdf,https://bpsc.bihar.gov.in/wp-content/uploads/BPSC_content/QuestionBooklets/NB-2023-08-26-03.pdf,Teacher Recruitment Examinations / TRE 1.0 (Advt. No. 26/2023) / (For Class 09-10),General Studies And Hindi
TRE1.0,TRE1.0/For_Class_09_10__General_Studies_And_Mathematics.pdf,https://bpsc.bihar.gov.in/wp-content/uploads/BPSC_content/QuestionBooklets/NB-2023-08-26-11.pdf,Teacher Recruitment Examinations / TRE 1.0 (Advt. No. 26/2023) / (For Class 09-10),General Studies And Mathematics
TRE1.0,TRE1.0/For_Class_09_10__General_Studies_And_Persian.pdf,https://bpsc.bihar.gov.in/wp-content/uploads/BPSC_content/QuestionBooklets/NB-2023-08-26-08.pdf,Teacher Recruitment Examinations / TRE 1.0 (Advt. No. 26/2023) / (For Class 09-10),General Studies And Persian
TRE1.0,TRE1.0/For_Class_09_10__General_Studies_And_Sanskrit.pdf,https://bpsc.bihar.gov.in/wp-content/uploads/BPSC_content/QuestionBooklets/NB-2023-08-26-06.pdf,Teacher Recruitment Examinations / TRE 1.0 (Advt. No. 26/2023) / (For Class 09-10),General Studies And Sanskrit
TRE1.0,TRE1.0/For_Class_09_10__General_Studies_And_Science.pdf,https://bpsc.bihar.gov.in/wp-content/uploads/BPSC_content/QuestionBooklets/NB-2023-08-26-10.pdf,Teacher Recruitment Examinations / TRE 1.0 (Advt. No. 26/2023) / (For Class 09-10),General Studies And Science
TRE1.0,TRE1.0/For_Class_09_10__General_Studies_And_Social_Science.pdf,https://bpsc.bihar.gov.in/wp-content/uploads/BPSC_content/QuestionBooklets/NB-2023-08-26-12.pdf,Teacher Recruitment Examinations / TRE 1.0 (Advt. No. 26/2023) / (For Class 09-10),General Studies And Social Science
TRE1.0,TRE1.0/For_Class_09_10__General_Studies_And_Urdu.pdf,https://bpsc.bihar.gov.in/wp-content/uploads/BPSC_content/QuestionBooklets/NB-2023-08-26-05.pdf,Teacher Recruitment Examinations / TRE 1.0 (Advt. No. 26/2023) / (For Class 09-10),General Studies And Urdu
TRE1.0,TRE1.0/For_Class_11_12__General_Studies_And_Accountancy.pdf,https://bpsc.bihar.gov.in/wp-content/uploads/BPSC_content/QuestionBooklets/NB-2023-08-26-34.pdf,Teacher Recruitment Examinations / TRE 1.0 (Advt. No. 26/2023) / (For Class 11-12),General Studies And Accountancy
TRE1.0,TRE1.0/For_Class_11_12__General_Studies_And_Bengali.pdf,https://bpsc.bihar.gov.in/wp-content/uploads/BPSC_content/QuestionBooklets/NB-2023-08-26-17.pdf,Teacher Recruitment Examinations / TRE 1.0 (Advt. No. 26/2023) / (For Class 11-12),General Studies And Bengali
TRE1.0,TRE1.0/For_Class_11_12__General_Studies_And_Bhojpuri.pdf,https://bpsc.bihar.gov.in/wp-content/uploads/BPSC_content/QuestionBooklets/NB-2023-08-26-41.pdf,Teacher Recruitment Examinations / TRE 1.0 (Advt. No. 26/2023) / (For Class 11-12),General Studies And Bhojpuri
TRE1.0,TRE1.0/For_Class_11_12__General_Studies_And_Botany.pdf,https://bpsc.bihar.gov.in/wp-content/uploads/BPSC_content/QuestionBooklets/NB-2023-08-26-32.pdf,Teacher Recruitment Examinations / TRE 1.0 (Advt. No. 26/2023) / (For Class 11-12),General Studies And Botany
TRE1.0,TRE1.0/For_Class_11_12__General_Studies_And_Business_Studies.pdf,https://bpsc.bihar.gov.in/wp-content/uploads/BPSC_content/QuestionBooklets/NB-2023-08-26-35.pdf,Teacher Recruitment Examinations / TRE 1.0 (Advt. No. 26/2023) / (For Class 11-12),General Studies And Business Studies
TRE1.0,TRE1.0/For_Class_11_12__General_Studies_And_Chemistry.pdf,https://bpsc.bihar.gov.in/wp-content/uploads/BPSC_content/QuestionBooklets/NB-2023-08-26-24.pdf,Teacher Recruitment Examinations / TRE 1.0 (Advt. No. 26/2023) / (For Class 11-12),General Studies And Chemistry
TRE1.0,TRE1.0/For_Class_11_12__General_Studies_And_Computer_Science.pdf,https://bpsc.bihar.gov.in/wp-content/uploads/BPSC_content/QuestionBooklets/NB-2023-08-26-37.pdf,Teacher Recruitment Examinations / TRE 1.0 (Advt. No. 26/2023) / (For Class 11-12),General Studies And Computer Science
TRE1.0,TRE1.0/For_Class_11_12__General_Studies_And_Economics.pdf,https://bpsc.bihar.gov.in/wp-content/uploads/BPSC_content/QuestionBooklets/NB-2023-08-26-25.pdf,Teacher Recruitment Examinations / TRE 1.0 (Advt. No. 26/2023) / (For Class 11-12),General Studies And Economics
TRE1.0,TRE1.0/For_Class_11_12__General_Studies_And_English.pdf,https://bpsc.bihar.gov.in/wp-content/uploads/BPSC_content/QuestionBooklets/NB-2023-08-26-15.pdf,Teacher Recruitment Examinations / TRE 1.0 (Advt. No. 26/2023) / (For Class 11-12),General Studies And English
TRE1.0,TRE1.0/For_Class_11_12__General_Studies_And_Entrepreneurship.pdf,https://bpsc.bihar.gov.in/wp-content/uploads/BPSC_content/QuestionBooklets/NB-2023-08-26-36.pdf,Teacher Recruitment Examinations / TRE 1.0 (Advt. No. 26/2023) / (For Class 11-12),General Studies And Entrepreneurship
TRE1.0,TRE1.0/For_Class_11_12__General_Studies_And_Geography.pdf,https://bpsc.bihar.gov.in/wp-content/uploads/BPSC_content/QuestionBooklets/NB-2023-08-26-26.pdf,Teacher Recruitment Examinations / TRE 1.0 (Advt. No. 26/2023) / (For Class 11-12),General Studies And Geography
TRE1.0,TRE1.0/For_Class_11_12__General_Studies_And_Hindi.pdf,https://bpsc.bihar.gov.in/wp-content/uploads/BPSC_content/QuestionBooklets/NB-2023-08-26-13.pdf,Teacher Recruitment Examinations / TRE 1.0 (Advt. No. 26/2023) / (For Class 11-12),General Studies And Hindi
TRE1.0,TRE1.0/For_Class_11_12__General_Studies_And_History.pdf,https://bpsc.bihar.gov.in/wp-content/uploads/BPSC_content/QuestionBooklets/NB-2023-08-26-38.pdf,Teacher Recruitment Examinations / TRE 1.0 (Advt. No. 26/2023) / (For Class 11-12),General Studies And History
TRE1.0,TRE1.0/For_Class_11_12__General_Studies_And_Home_Science.pdf,https://bpsc.bihar.gov.in/wp-content/uploads/BPSC_content/QuestionBooklets/NB-2023-08-26-31.pdf,Teacher Recruitment Examinations / TRE 1.0 (Advt. No. 26/2023) / (For Class 11-12),General Studies And Home Science
TRE1.0,TRE1.0/For_Class_11_12__General_Studies_And_Magahi.pdf,https://bpsc.bihar.gov.in/wp-content/uploads/BPSC_content/QuestionBooklets/NB-2023-08-26-40.pdf,Teacher Recruitment Examinations / TRE 1.0 (Advt. No. 26/2023) / (For Class 11-12),General Studies And Magahi
TRE1.0,TRE1.0/For_Class_11_12__General_Studies_And_Maithili.pdf,https://bpsc.bihar.gov.in/wp-content/uploads/BPSC_content/QuestionBooklets/NB-2023-08-26-18.pdf,Teacher Recruitment Examinations / TRE 1.0 (Advt. No. 26/2023) / (For Class 11-12),General Studies And Maithili
TRE1.0,TRE1.0/For_Class_11_12__General_Studies_And_Mathematics.pdf,https://bpsc.bihar.gov.in/wp-content/uploads/BPSC_content/QuestionBooklets/NB-2023-08-26-22.pdf,Teacher Recruitment Examinations / TRE 1.0 (Advt. No. 26/2023) / (For Class 11-12),General Studies And Mathematics
TRE1.0,TRE1.0/For_Class_11_12__General_Studies_And_Music.pdf,https://bpsc.bihar.gov.in/wp-content/uploads/BPSC_content/QuestionBooklets/NB-2023-08-26-39.pdf,Teacher Recruitment Examinations / TRE 1.0 (Advt. No. 26/2023) / (For Class 11-12),General Studies And Music
TRE1.0,TRE1.0/For_Class_11_12__General_Studies_And_Pali.pdf,https://bpsc.bihar.gov.in/wp-content/uploads/BPSC_content/QuestionBooklets/NB-2023-08-26-20.pdf,Teacher Recruitment Examinations / TRE 1.0 (Advt. No. 26/2023) / (For Class 11-12),General Studies And Pali
TRE1.0,TRE1.0/For_Class_11_12__General_Studies_And_Persian.pdf,https://bpsc.bihar.gov.in/wp-content/uploads/BPSC_content/QuestionBooklets/NB-2023-08-26-19.pdf,Teacher Recruitment Examinations / TRE 1.0 (Advt. No. 26/2023) / (For Class 11-12),General Studies And Persian
TRE1.0,TRE1.0/For_Class_11_12__General_Studies_And_Physics.pdf,https://bpsc.bihar.gov.in/wp-content/uploads/BPSC_content/QuestionBooklets/NB-2023-08-26-23.pdf,Teacher Recruitment Examinations / TRE 1.0 (Advt. No. 26/2023) / (For Class 11-12),General Studies And Physics
TRE1.0,TRE1.0/For_Class_11_12__General_Studies_And_Philosophy.pdf,https://bpsc.bihar.gov.in/wp-content/uploads/BPSC_content/QuestionBooklets/NB-2023-08-26-29.pdf,Teacher Recruitment Examinations / TRE 1.0 (Advt. No. 26/2023) / (For Class 11-12),General Studies And Philosophy
TRE1.0,TRE1.0/For_Class_11_12__General_Studies_And_Political_Science.pdf,https://bpsc.bihar.gov.in/wp-content/uploads/BPSC_content/QuestionBooklets/NB-2023-08-26-30.pdf,Teacher Recruitment Examinations / TRE 1.0 (Advt. No. 26/2023) / (For Class 11-12),General Studies And Political Science
TRE1.0,TRE1.0/For_Class_11_12__General_Studies_And_Prakrit.pdf,https://bpsc.bihar.gov.in/wp-content/uploads/BPSC_content/QuestionBooklets/NB-2023-08-26-21.pdf,Teacher Recruitment Examinations / TRE 1.0 (Advt. No. 26/2023) / (For Class 11-12),General Studies And Prakrit
TRE1.0,TRE1.0/For_Class_11_12__General_Studies_And_Psychology.pdf,https://bpsc.bihar.gov.in/wp-content/uploads/BPSC_content/QuestionBooklets/NB-2023-08-26-27.pdf,Teacher Recruitment Examinations / TRE 1.0 (Advt. No. 26/2023) / (For Class 11-12),General Studies And Psychology
TRE1.0,TRE1.0/For_Class_11_12__General_Studies_And_Sanskrit.pdf,https://bpsc.bihar.gov.in/wp-content/uploads/BPSC_content/QuestionBooklets/NB-2023-08-26-16.pdf,Teacher Recruitment Examinations / TRE 1.0 (Advt. No. 26/2023) / (For Class 11-12),General Studies And Sanskrit
TRE1.0,TRE1.0/For_Class_11_12__General_Studies_And_Sociology.pdf,https://bpsc.bihar.gov.in/wp-content/uploads/BPSC_content/QuestionBooklets/NB-2023-08-26-28.pdf,Teacher Recruitment Examinations / TRE 1.0 (Advt. No. 26/2023) / (For Class 11-12),General Studies And Sociology
TRE1.0,TRE1.0/For_Class_11_12__General_Studies_And_Urdu.pdf,https://bpsc.bihar.gov.in/wp-content/uploads/BPSC_content/QuestionBooklets/NB-2023-08-26-14.pdf,Teacher Recruitment Examinations / TRE 1.0 (Advt. No. 26/2023) / (For Class 11-12),General Studies And Urdu
TRE1.0,TRE1.0/For_Class_11_12__General_Studies_And_Zoology.pdf,https://bpsc.bihar.gov.in/wp-content/uploads/BPSC_content/QuestionBooklets/NB-2023-08-26-33.pdf,Teacher Recruitment Examinations / TRE 1.0 (Advt. No. 26/2023) / (For Class 11-12),General Studies And Zoology
TRE1.0,TRE1.0/Language_Paper_1_1st_Sitting__Language_Paper_1.pdf,https://bpsc.bihar.gov.in/wp-content/uploads/BPSC_content/QuestionBooklets/NB-2023-08-25-05.pdf,"Teacher Recruitment Examinations / TRE 1.0 (Advt. No. 26/2023) / Language, Paper-1 / 1st Sitting","Language, Paper-1"
TRE1.0,TRE1.0/Language_Paper_1_2nd_Sitting__Language_Paper_1.pdf,https://bpsc.bihar.gov.in/wp-content/uploads/BPSC_content/QuestionBooklets/NB-2023-08-25-06.pdf,"Teacher Recruitment Examinations / TRE 1.0 (Advt. No. 26/2023) / Language, Paper-1 / 2nd Sitting","Language, Paper-1"
TRE1.0,TRE1.0/General_Studies_Paper_2_1st_Sitting__General_Studies_Paper_2.pdf,https://bpsc.bihar.gov.in/wp-content/uploads/BPSC_content/QuestionBooklets/NB-2023-08-24-04.pdf,"Teacher Recruitment Examinations / TRE 1.0 (Advt. No. 26/2023) / General Studies, Paper-2 / 1st Sitting","General Studies, Paper-2"
TRE1.0,TRE1.0/General_Studies_Paper_2_2nd_Sitting__General_Studies_Paper_2.pdf,https://bpsc.bihar.gov.in/wp-content/uploads/BPSC_content/QuestionBooklets/NB-2023-08-24-05.pdf,"Teacher Recruitment Examinations / TRE 1.0 (Advt. No. 26/2023) / General Studies, Paper-2 / 2nd Sitting","General Studies, Paper-2"
TRE2.0,TRE2.0/For_Class_01_05_Examination_dated_14_12_2023__Language_And_General_Studies.pdf,https://bpsc.bihar.gov.in/wp-content/uploads/BPSC_content/QuestionBooklets/NB-2023-12-14-04.pdf,Teacher Recruitment Examinations / TRE 2.0 (Advt. No. 27/2023) / (For Class 01-05) – Examination dated 14.12.2023,Language And General Studies
TRE2.0,TRE2.0/For_Class_06_08_Examination_dated_10_12_2023__Language_General_Studies_And_English.pdf,https://bpsc.bihar.gov.in/wp-content/uploads/BPSC_content/QuestionBooklets/NB-2023-12-10-15.pdf,Teacher Recruitment Examinations / TRE 2.0 (Advt. No. 27/2023) / (For Class 06-08) – Examination dated 10.12.2023,"Language, General Studies And English"
TRE2.0,TRE2.0/For_Class_06_08_Examination_dated_10_12_2023__Language_General_Studies_And_Hindi.pdf,https://bpsc.bihar.gov.in/wp-content/uploads/BPSC_content/QuestionBooklets/NB-2023-12-10-16.pdf,Teacher Recruitment Examinations / TRE 2.0 (Advt. No. 27/2023) / (For Class 06-08) – Examination dated 10.12.2023,"Language, General Studies And Hindi"
TRE2.0,TRE2.0/For_Class_06_08_Examination_dated_10_12_2023__Language_General_Studies_And_Sanskrit.pdf,https://bpsc.bihar.gov.in/wp-content/uploads/BPSC_content/QuestionBooklets/NB-2023-12-10-18.pdf,Teacher Recruitment Examinations / TRE 2.0 (Advt. No. 27/2023) / (For Class 06-08) – Examination dated 10.12.2023,"Language, General Studies And Sanskrit"
TRE2.0,TRE2.0/For_Class_06_08_Examination_dated_10_12_2023__Language_General_Studies_And_Urdu.pdf,https://bpsc.bihar.gov.in/wp-content/uploads/BPSC_content/QuestionBooklets/NB-2023-12-10-17.pdf,Teacher Recruitment Examinations / TRE 2.0 (Advt. No. 27/2023) / (For Class 06-08) – Examination dated 10.12.2023,"Language, General Studies And Urdu"
TRE2.0,TRE2.0/For_Class_09_10_Examination_dated_07_12_2023__Language_General_Studies_And_Head_Master.pdf,https://bpsc.bihar.gov.in/wp-content/uploads/BPSC_content/QuestionBooklets/NB-2023-12-08-02.pdf,Teacher Recruitment Examinations / TRE 2.0 (Advt. No. 27/2023) / (For Class 09-10) – Examination dated 07.12.2023,"Language, General Studies And Head Master"
TRE2.0,TRE2.0/For_Class_09_10_Examination_dated_07_12_2023__Language_General_Studies_And_Music_Art.pdf,https://bpsc.bihar.gov.in/wp-content/uploads/BPSC_content/QuestionBooklets/NB-2023-12-08-03.pdf,Teacher Recruitment Examinations / TRE 2.0 (Advt. No. 27/2023) / (For Class 09-10) – Examination dated 07.12.2023,"Language, General Studies And Music/Art"
TRE2.0,TRE2.0/For_Class_09_10_Examination_dated_08_12_2023__Language_General_Studies_And_Arabic.pdf,https://bpsc.bihar.gov.in/wp-content/uploads/BPSC_content/QuestionBooklets/NB-2023-12-08-15.pdf,Teacher Recruitment Examinations / TRE 2.0 (Advt. No. 27/2023) / (For Class 09-10) – Examination dated 08.12.2023,"Language, General Studies And Arabic"
TRE2.0,TRE2.0/For_Class_09_10_Examination_dated_08_12_2023__Language_General_Studies_And_Bangli.pdf,https://bpsc.bihar.gov.in/wp-content/uploads/BPSC_content/QuestionBooklets/NB-2023-12-08-13.pdf,Teacher Recruitment Examinations / TRE 2.0 (Advt. No. 27/2023) / (For Class 09-10) – Examination dated 08.12.2023,"Language, General Studies And Bangli"
TRE2.0,TRE2.0/For_Class_09_10_Examination_dated_08_12_2023__Language_General_Studies_And_Computer.pdf,https://bpsc.bihar.gov.in/wp-content/uploads/BPSC_content/QuestionBooklets/NB-2023-12-08-25.pdf,Teacher Recruitment Examinations / TRE 2.0 (Advt. No. 27/2023) / (For Class 09-10) – Examination dated 08.12.2023,"Language, General Studies And Computer"
TRE2.0,TRE2.0/For_Class_09_10_Examination_dated_08_12_2023__Language_General_Studies_And_Dance.pdf,https://bpsc.bihar.gov.in/wp-content/uploads/BPSC_content/QuestionBooklets/NB-2023-12-08-21.pdf,Teacher Recruitment Examinations / TRE 2.0 (Advt. No. 27/2023) / (For Class 09-10) – Examination dated 08.12.2023,"Language, General Studies And Dance"
TRE2.0,TRE2.0/For_Class_09_10_Examination_dated_08_12_2023__Language_General_Studies_And_English.pdf,https://bpsc.bihar.gov.in/wp-content/uploads/BPSC_content/QuestionBooklets/NB-2023-12-08-10.pdf,Teacher Recruitment Examinations / TRE 2.0 (Advt. No. 27/2023) / (For Class 09-10) – Examination dated 08.12.2023,"Language, General Studies And English"
TRE2.0,TRE2.0/For_Class_09_10_Examination_dated_08_12_2023__Language_General_Studies_And_Fine_Arts.pdf,https://bpsc.bihar.gov.in/wp-content/uploads/BPSC_content/QuestionBooklets/NB-2023-12-08-22.pdf,Teacher Recruitment Examinations / TRE 2.0 (Advt. No. 27/2023) / (For Class 09-10) – Examination dated 08.12.2023,"Language, General Studies And Fine Arts"
TRE2.0,TRE2.0/For_Class_09_10_Examination_dated_08_12_2023__Language_General_Studies_And_Hindi.pdf,https://bpsc.bihar.gov.in/wp-content/uploads/BPSC_content/QuestionBooklets/NB-2023-12-08-11.pdf,Teacher Recruitment Examinations / TRE 2.0 (Advt. No. 27/2023) / (For Class 09-10) – Examination dated 08.12.2023,"Language, General Studies And Hindi"
TRE2.0,TRE2.0/For_Class_09_10_Examination_dated_08_12_2023__Language_General_Studies_And_Maithili.pdf,https://bpsc.bihar.gov.in/wp-content/uploads/BPSC_content/QuestionBooklets/NB-2023-12-08-23.pdf,Teacher Recruitment Examinations / TRE 2.0 (Advt. No. 27/2023) / (For Class 09-10) – Examination dated 08.12.2023,"Language, General Studies And Maithili"
TRE2.0,TRE2.0/For_Class_09_10_Examination_dated_08_12_2023__Language_General_Studies_And_Mathematics.pdf,https://bpsc.bihar.gov.in/wp-content/uploads/BPSC_content/QuestionBooklets/NB-2023-12-08-18.pdf,Teacher Recruitment Examinations / TRE 2.0 (Advt. No. 27/2023) / (For Class 09-10) – Examination dated 08.12.2023,"Language, General Studies And Mathematics"
TRE2.0,TRE2.0/For_Class_09_10_Examination_dated_08_12_2023__Language_General_Studies_And_Music.pdf,https://bpsc.bihar.gov.in/wp-content/uploads/BPSC_content/QuestionBooklets/NB-2023-12-08-24.pdf,Teacher Recruitment Examinations / TRE 2.0 (Advt. No. 27/2023) / (For Class 09-10) – Examination dated 08.12.2023,"Language, General Studies And Music"
TRE2.0,TRE2.0/For_Class_09_10_Examination_dated_08_12_2023__Language_General_Studies_And_Persian.pdf,https://bpsc.bihar.gov.in/wp-content/uploads/BPSC_content/QuestionBooklets/NB-2023-12-08-16.pdf,Teacher Recruitment Examinations / TRE 2.0 (Advt. No. 27/2023) / (For Class 09-10) – Examination dated 08.12.2023,"Language, General Studies And Persian"
TRE2.0,TRE2.0/For_Class_09_10_Examination_dated_08_12_2023__Language_General_Studies_And_Physical_Education.pdf,https://bpsc.bihar.gov.in/wp-content/uploads/BPSC_content/QuestionBooklets/NB-2023-12-08-20.pdf,Teacher Recruitment Examinations / TRE 2.0 (Advt. No. 27/2023) / (For Class 09-10) – Examination dated 08.12.2023,"Language, General Studies And Physical Education"
TRE2.0,TRE2.0/For_Class_09_10_Examination_dated_08_12_2023__Language_General_Studies_And_Sanskrit.pdf,https://bpsc.bihar.gov.in/wp-content/uploads/BPSC_content/QuestionBooklets/NB-2023-12-08-14.pdf,Teacher Recruitment Examinations / TRE 2.0 (Advt. No. 27/2023) / (For Class 09-10) – Examination dated 08.12.2023,"Language, General Studies And Sanskrit"
TRE2.0,TRE2.0/For_Class_09_10_Examination_dated_08_12_2023__Language_General_Studies_And_Science.pdf,https://bpsc.bihar.gov.in/wp-content/uploads/BPSC_content/QuestionBooklets/NB-2023-12-08-17.pdf,Teacher Recruitment Examinations / TRE 2.0 (Advt. No. 27/2023) / (For Class 09-10) – Examination dated 08.12.2023,"Language, General Studies And Science"
TRE2.0,TRE2.0/For_Class_09_10_Examination_dated_08_12_2023__Language_General_Studies_And_Social_Science.pdf,https://bpsc.bihar.gov.in/wp-content/uploads/BPSC_content/QuestionBooklets/NB-2023-12-08-19.pdf,Teacher Recruitment Examinations / TRE 2.0 (Advt. No. 27/2023) / (For Class 09-10) – Examination dated 08.12.2023,"Language, General Studies And Social Science"
TRE2.0,TRE2.0/For_Class_09_10_Examination_dated_08_12_2023__Language_General_Studies_And_Urdu.pdf,https://bpsc.bihar.gov.in/wp-content/uploads/BPSC_content/QuestionBooklets/NB-2023-12-08-12.pdf,Teacher Recruitment Examinations / TRE 2.0 (Advt. No. 27/2023) / (For Class 09-10) – Examination dated 08.12.2023,"Language, General Studies And Urdu"
TRE2.0,TRE2.0/For_Class_06_08_Examination_dated_09_12_2023__Language_General_Studies_And_Language_Hindi_English.pdf,https://bpsc.bihar.gov.in/wp-content/uploads/BPSC_content/QuestionBooklets/NB-2023-12-09-03.pdf,Teacher Recruitment Examinations / TRE 2.0 (Advt. No. 27/2023) / (For Class 06-08) – Examination dated 09.12.2023,"Language, General Studies And Language (Hindi & English)"
TRE2.0,TRE2.0/For_Class_06_08_Examination_dated_09_12_2023__Language_General_Studies_And_Mathematics_And_Science.pdf,https://bpsc.bihar.gov.in/wp-content/uploads/BPSC_content/QuestionBooklets/NB-2023-12-09-01.pdf,Teacher Recruitment Examinations / TRE 2.0 (Advt. No. 27/2023) / (For Class 06-08) – Examination dated 09.12.2023,"Language, General Studies And Mathematics And Science"
TRE2.0,TRE2.0/For_Class_06_08_Examination_dated_09_12_2023__Language_General_Studies_And_Social_Science.pdf,https://bpsc.bihar.gov.in/wp-content/uploads/BPSC_content/QuestionBooklets/NB-2023-12-09-02.pdf,Teacher Recruitment Examinations / TRE 2.0 (Advt. No. 27/2023) / (For Class 06-08) – Examination dated 09.12.2023,"Language, General Studies And Social Science"
TRE2.0,TRE2.0/For_Class_11_12_Examination_dated_15_12_2023__Language_General_Studies_And_Accountancy.pdf,https://bpsc.bihar.gov.in/wp-content/uploads/BPSC_content/QuestionBooklets/NB-2023-12-15-27.pdf,Teacher Recruitment Examinations / TRE 2.0 (Advt. No. 27/2023) / (For Class 11-12) – Examination dated 15.12.2023,"Language, General Studies And Accountancy"
TRE2.0,TRE2.0/For_Class_11_12_Examination_dated_15_12_2023__Language_General_Studies_And_Arabic.pdf,https://bpsc.bihar.gov.in/wp-content/uploads/BPSC_content/QuestionBooklets/NB-2023-12-15-08.pdf,Teacher Recruitment Examinations / TRE 2.0 (Advt. No. 27/2023) / (For Class 11-12) – Examination dated 15.12.2023,"Language, General Studies And Arabic"
TRE2.0,TRE2.0/For_Class_11_12_Examination_dated_15_12_2023__Language_General_Studies_And_Bangla.pdf,https://bpsc.bihar.gov.in/wp-content/uploads/BPSC_content/QuestionBooklets/NB-2023-12-15-05.pdf,Teacher Recruitment Examinations / TRE 2.0 (Advt. No. 27/2023) / (For Class 11-12) – Examination dated 15.12.2023,"Language, General Studies And Bangla"
TRE2.0,TRE2.0/For_Class_11_12_Examination_dated_15_12_2023__Language_General_Studies_And_Bhojpuri.pdf,https://bpsc.bihar.gov.in/wp-content/uploads/BPSC_content/QuestionBooklets/NB-2023-12-15-10.pdf,Teacher Recruitment Examinations / TRE 2.0 (Advt. No. 27/2023) / (For Class 11-12) – Examination dated 15.12.2023,"Language, General Studies And Bhojpuri"
TRE2.0,TRE2.0/For_Class_11_12_Examination_dated_15_12_2023__Language_General_Studies_And_Botany.pdf,https://bpsc.bihar.gov.in/wp-content/uploads/BPSC_content/QuestionBooklets/NB-2023-12-15-16.pdf,Teacher Recruitment Examinations / TRE 2.0 (Advt. No. 27/2023) / (For Class 11-12) – Examination dated 15.12.2023,"Language, General Studies And Botany"
TRE2.0,TRE2.0/For_Class_11_12_Examination_dated_15_12_2023__Language_General_Studies_And_Business_Studies.pdf,https://bpsc.bihar.gov.in/wp-content/uploads/BPSC_content/QuestionBooklets/NB-2023-12-15-28.pdf,Teacher Recruitment Examinations / TRE 2.0 (Advt. No. 27/2023) / (For Class 11-12) – Examination dated 15.12.2023,"Language, General Studies And Business Studies"
TRE2.0,TRE2.0/For_Class_11_12_Examination_dated_15_12_2023__Language_General_Studies_And_Chemistry.pdf,https://bpsc.bihar.gov.in/wp-content/uploads/BPSC_content/QuestionBooklets/NB-2023-12-15-15.pdf,Teacher Recruitment Examinations / TRE 2.0 (Advt. No. 27/2023) / (For Class 11-12) – Examination dated 15.12.2023,"Language, General Studies And Chemistry"
TRE2.0,TRE2.0/For_Class_11_12_Examination_dated_15_12_2023__Language_General_Studies_And_Computer_Science.pdf,https://bpsc.bihar.gov.in/wp-content/uploads/BPSC_content/QuestionBooklets/NB-2023-12-15-26.pdf,Teacher Recruitment Examinations / TRE 2.0 (Advt. No. 27/2023) / (For Class 11-12) – Examination dated 15.12.2023,"Language, General Studies And Computer Science"
TRE2.0,TRE2.0/For_Class_11_12_Examination_dated_15_12_2023__Language_General_Studies_And_Economics.pdf,https://bpsc.bihar.gov.in/wp-content/uploads/BPSC_content/QuestionBooklets/NB-2023-12-15-21.pdf,Teacher Recruitment Examinations / TRE 2.0 (Advt. No. 27/2023) / (For Class 11-12) – Examination dated 15.12.2023,"Language, General Studies And Economics"
TRE2.0,TRE2.0/For_Class_11_12_Examination_dated_15_12_2023__Language_General_Studies_And_English.pdf,https://bpsc.bihar.gov.in/wp-content/uploads/BPSC_content/QuestionBooklets/NB-2023-12-15-03.pdf,Teacher Recruitment Examinations / TRE 2.0 (Advt. No. 27/2023) / (For Class 11-12) – Examination dated 15.12.2023,"Language, General Studies And English"
TRE2.0,TRE2.0/For_Class_11_12_Examination_dated_15_12_2023__Language_General_Studies_And_Entrepreneurship.pdf,https://bpsc.bihar.gov.in/wp-content/uploads/BPSC_content/QuestionBooklets/NB-2023-12-15-30.pdf,Teacher Recruitment Examinations / TRE 2.0 (Advt. No. 27/2023) / (For Class 11-12) – Examination dated 15.12.2023,"Language, General Studies And Entrepreneurship"
TRE2.0,TRE2.0/For_Class_11_12_Examination_dated_15_12_2023__Language_General_Studies_And_Geography.pdf,https://bpsc.bihar.gov.in/wp-content/uploads/BPSC_content/QuestionBooklets/NB-2023-12-15-20.pdf,Teacher Recruitment Examinations / TRE 2.0 (Advt. No. 27/2023) / (For Class 11-12) – Examination dated 15.12.2023,"Language, General Studies And Geography"
TRE2.0,TRE2.0/For_Class_11_12_Examination_dated_15_12_2023__Language_General_Studies_And_Hindi.pdf,https://bpsc.bihar.gov.in/wp-content/uploads/BPSC_content/QuestionBooklets/NB-2023-12-15-01.pdf,Teacher Recruitment Examinations / TRE 2.0 (Advt. No. 27/2023) / (For Class 11-12) – Examination dated 15.12.2023,"Language, General Studies And Hindi"
TRE2.0,TRE2.0/For_Class_11_12_Examination_dated_15_12_2023__Language_General_Studies_And_History.pdf,https://bpsc.bihar.gov.in/wp-content/uploads/BPSC_content/QuestionBooklets/NB-2023-12-15-18.pdf,Teacher Recruitment Examinations / TRE 2.0 (Advt. No. 27/2023) / (For Class 11-12) – Examination dated 15.12.2023,"Language, General Studies And History"
TRE2.0,TRE2.0/For_Class_11_12_Examination_dated_15_12_2023__Language_General_Studies_And_Home_Science.pdf,https://bpsc.bihar.gov.in/wp-content/uploads/BPSC_content/QuestionBooklets/NB-2023-12-15-25.pdf,Teacher Recruitment Examinations / TRE 2.0 (Advt. No. 27/2023) / (For Class 11-12) – Examination dated 15.12.2023,"Language, General Studies And Home Science"
TRE2.0,TRE2.0/For_Class_11_12_Examination_dated_15_12_2023__Language_General_Studies_And_Magahi.pdf,https://bpsc.bihar.gov.in/wp-content/uploads/BPSC_content/QuestionBooklets/NB-2023-12-15-07.pdf,Teacher Recruitment Examinations / TRE 2.0 (Advt. No. 27/2023) / (For Class 11-12) – Examination dated 15.12.2023,"Language, General Studies And Magahi"
TRE2.0,TRE2.0/For_Class_11_12_Examination_dated_15_12_2023__Language_General_Studies_And_Maithili.pdf,https://bpsc.bihar.gov.in/wp-content/uploads/BPSC_content/QuestionBooklets/NB-2023-12-15-06.pdf,Teacher Recruitment Examinations / TRE 2.0 (Advt. No. 27/2023) / (For Class 11-12) – Examination dated 15.12.2023,"Language, General Studies And Maithili"
TRE2.0,TRE2.0/For_Class_11_12_Examination_dated_15_12_2023__Language_General_Studies_And_Mathematics.pdf,https://bpsc.bihar.gov.in/wp-content/uploads/BPSC_content/QuestionBooklets/NB-2023-12-15-13.pdf,Teacher Recruitment Examinations / TRE 2.0 (Advt. No. 27/2023) / (For Class 11-12) – Examination dated 15.12.2023,"Language, General Studies And Mathematics"
TRE2.0,TRE2.0/For_Class_11_12_Examination_dated_15_12_2023__Language_General_Studies_And_Music.pdf,https://bpsc.bihar.gov.in/wp-content/uploads/BPSC_content/QuestionBooklets/NB-2023-12-15-29.pdf,Teacher Recruitment Examinations / TRE 2.0 (Advt. No. 27/2023) / (For Class 11-12) – Examination dated 15.12.2023,"Language, General Studies And Music"
TRE2.0,TRE2.0/For_Class_11_12_Examination_dated_15_12_2023__Language_General_Studies_And_Pali.pdf,https://bpsc.bihar.gov.in/wp-content/uploads/BPSC_content/QuestionBooklets/NB-2023-12-15-11.pdf,Teacher Recruitment Examinations / TRE 2.0 (Advt. No. 27/2023) / (For Class 11-12) – Examination dated 15.12.2023,"Language, General Studies And Pali"
TRE2.0,TRE2.0/For_Class_11_12_Examination_dated_15_12_2023__Language_General_Studies_And_Persian.pdf,https://bpsc.bihar.gov.in/wp-content/uploads/BPSC_content/QuestionBooklets/NB-2023-12-15-09.pdf,Teacher Recruitment Examinations / TRE 2.0 (Advt. No. 27/2023) / (For Class 11-12) – Examination dated 15.12.2023,"Language, General Studies And Persian"
TRE2.0,TRE2.0/For_Class_11_12_Examination_dated_15_12_2023__Language_General_Studies_And_Philosophy.pdf,https://bpsc.bihar.gov.in/wp-content/uploads/BPSC_content/QuestionBooklets/NB-2023-12-15-24.pdf,Teacher Recruitment Examinations / TRE 2.0 (Advt. No. 27/2023) / (For Class 11-12) – Examination dated 15.12.2023,"Language, General Studies And Philosophy"
TRE2.0,TRE2.0/For_Class_11_12_Examination_dated_15_12_2023__Language_General_Studies_And_Physics.pdf,https://bpsc.bihar.gov.in/wp-content/uploads/BPSC_content/QuestionBooklets/NB-2023-12-15-14.pdf,Teacher Recruitment Examinations / TRE 2.0 (Advt. No. 27/2023) / (For Class 11-12) – Examination dated 15.12.2023,"Language, General Studies And Physics"
TRE2.0,TRE2.0/For_Class_11_12_Examination_dated_15_12_2023__Language_General_Studies_And_Political_Science.pdf,https://bpsc.bihar.gov.in/wp-content/uploads/BPSC_content/QuestionBooklets/NB-2023-12-15-19.pdf,Teacher Recruitment Examinations / TRE 2.0 (Advt. No. 27/2023) / (For Class 11-12) – Examination dated 15.12.2023,"Language, General Studies And Political Science"
TRE2.0,TRE2.0/For_Class_11_12_Examination_dated_15_12_2023__Language_General_Studies_And_Psychology.pdf,https://bpsc.bihar.gov.in/wp-content/uploads/BPSC_content/QuestionBooklets/NB-2023-12-15-23.pdf,Teacher Recruitment Examinations / TRE 2.0 (Advt. No. 27/2023) / (For Class 11-12) – Examination dated 15.12.2023,"Language, General Studies And Psychology"
TRE2.0,TRE2.0/For_Class_11_12_Examination_dated_15_12_2023__Language_General_Studies_And_Prakrit.pdf,https://bpsc.bihar.gov.in/wp-content/uploads/BPSC_content/QuestionBooklets/NB-2023-12-15-12.pdf,Teacher Recruitment Examinations / TRE 2.0 (Advt. No. 27/2023) / (For Class 11-12) – Examination dated 15.12.2023,"Language, General Studies And Prakrit"
TRE2.0,TRE2.0/For_Class_11_12_Examination_dated_15_12_2023__Language_General_Studies_And_Sanskrit.pdf,https://bpsc.bihar.gov.in/wp-content/uploads/BPSC_content/QuestionBooklets/NB-2023-12-15-04.pdf,Teacher Recruitment Examinations / TRE 2.0 (Advt. No. 27/2023) / (For Class 11-12) – Examination dated 15.12.2023,"Language, General Studies And Sanskrit"
TRE2.0,TRE2.0/For_Class_11_12_Examination_dated_15_12_2023__Language_General_Studies_And_Sociology.pdf,https://bpsc.bihar.gov.in/wp-content/uploads/BPSC_content/QuestionBooklets/NB-2023-12-15-22.pdf,Teacher Recruitment Examinations / TRE 2.0 (Advt. No. 27/2023) / (For Class 11-12) – Examination dated 15.12.2023,"Language, General Studies And Sociology"
TRE2.0,TRE2.0/For_Class_11_12_Examination_dated_15_12_2023__Language_General_Studies_And_Urdu.pdf,https://bpsc.bihar.gov.in/wp-content/uploads/BPSC_content/QuestionBooklets/NB-2023-12-15-02.pdf,Teacher Recruitment Examinations / TRE 2.0 (Advt. No. 27/2023) / (For Class 11-12) – Examination dated 15.12.2023,"Language, General Studies And Urdu"
TRE2.0,TRE2.0/For_Class_11_12_Examination_dated_15_12_2023__Language_General_Studies_And_Zoology.pdf,https://bpsc.bihar.gov.in/wp-content/uploads/BPSC_content/QuestionBooklets/NB-2023-12-15-17.pdf,Teacher Recruitment Examinations / TRE 2.0 (Advt. No. 27/2023) / (For Class 11-12) – Examination dated 15.12.2023,"Language, General Studies And Zoology"
TRE3.0,TRE3.0/For_Class_01_05_Examination_dated_20_07_2024__Language_And_General_Studies.pdf,https://bpsc.bihar.gov.in/wp-content/uploads/BPSC_content/QuestionBooklets/NB-2024-08-09-09-1.pdf,Teacher Recruitment Examinations / TRE 3.0 (Advt. No. 22/2024) / (For Class 01-05) – Examination dated 20.07.2024,Language And General Studies
TRE3.0,TRE3.0/For_Class_06_08_Examination_dated_19_07_2024__Language_General_Studies_And_English.pdf,https://bpsc.bihar.gov.in/wp-content/uploads/BPSC_content/QuestionBooklets/NB-2024-08-09-03-1.pdf,Teacher Recruitment Examinations / TRE 3.0 (Advt. No. 22/2024) / (For Class 06-08) – Examination dated 19.07.2024,"Language, General Studies And English"
TRE3.0,TRE3.0/For_Class_06_08_Examination_dated_19_07_2024__Language_General_Studies_And_Hindi.pdf,https://bpsc.bihar.gov.in/wp-content/uploads/BPSC_content/QuestionBooklets/NB-2024-08-09-04.pdf,Teacher Recruitment Examinations / TRE 3.0 (Advt. No. 22/2024) / (For Class 06-08) – Examination dated 19.07.2024,"Language, General Studies And Hindi"
TRE3.0,TRE3.0/For_Class_06_08_Examination_dated_19_07_2024__Language_General_Studies_And_Mathematics_And_Science.pdf,https://bpsc.bihar.gov.in/wp-content/uploads/BPSC_content/QuestionBooklets/NB-2024-08-09-07.pdf,Teacher Recruitment Examinations / TRE 3.0 (Advt. No. 22/2024) / (For Class 06-08) – Examination dated 19.07.2024,"Language, General Studies And Mathematics And Science"
TRE3.0,TRE3.0/For_Class_06_08_Examination_dated_19_07_2024__Language_General_Studies_And_Sanskrit.pdf,https://bpsc.bihar.gov.in/wp-content/uploads/BPSC_content/QuestionBooklets/NB-2024-08-09-06.pdf,Teacher Recruitment Examinations / TRE 3.0 (Advt. No. 22/2024) / (For Class 06-08) – Examination dated 19.07.2024,"Language, General Studies And Sanskrit"
TRE3.0,TRE3.0/For_Class_06_08_Examination_dated_19_07_2024__Language_General_Studies_And_Social_Science.pdf,https://bpsc.bihar.gov.in/wp-content/uploads/BPSC_content/QuestionBooklets/NB-2024-08-09-08.pdf,Teacher Recruitment Examinations / TRE 3.0 (Advt. No. 22/2024) / (For Class 06-08) – Examination dated 19.07.2024,"Language, General Studies And Social Science"
TRE3.0,TRE3.0/For_Class_06_08_Examination_dated_19_07_2024__Language_General_Studies_And_Urdu.pdf,https://bpsc.bihar.gov.in/wp-content/uploads/BPSC_content/QuestionBooklets/NB-2024-08-09-05.pdf,Teacher Recruitment Examinations / TRE 3.0 (Advt. No. 22/2024) / (For Class 06-08) – Examination dated 19.07.2024,"Language, General Studies And Urdu"
TRE3.0,TRE3.0/For_Class_06_10_Examination_dated_22_07_2024_2nd_Sitting__Language_General_Studies_And_Computer.pdf,https://bpsc.bihar.gov.in/wp-content/uploads/BPSC_content/QuestionBooklets/NB-2024-08-09-54.pdf,"Teacher Recruitment Examinations / TRE 3.0 (Advt. No. 22/2024) / (For Class 06-10) – Examination dated 22.07.2024, 2nd Sitting","Language, General Studies And Computer"
TRE3.0,TRE3.0/For_Class_06_10_Examination_dated_22_07_2024_2nd_Sitting__Language_General_Studies_And_Music_Arts.pdf,https://bpsc.bihar.gov.in/wp-content/uploads/BPSC_content/QuestionBooklets/NB-2024-08-09-55.pdf,"Teacher Recruitment Examinations / TRE 3.0 (Advt. No. 22/2024) / (For Class 06-10) – Examination dated 22.07.2024, 2nd Sitting","Language, General Studies And Music/Arts"
TRE3.0,TRE3.0/For_Class_09_10_Examination_dated_21_07_2024__Language_General_Studies_And_Arabic.pdf,https://bpsc.bihar.gov.in/wp-content/uploads/BPSC_content/QuestionBooklets/NB-2024-08-09-15.pdf,Teacher Recruitment Examinations / TRE 3.0 (Advt. No. 22/2024) / (For Class 09-10) – Examination dated 21.07.2024,"Language, General Studies And Arabic"
TRE3.0,TRE3.0/For_Class_09_10_Examination_dated_21_07_2024__Language_General_Studies_And_Bangli.pdf,https://bpsc.bihar.gov.in/wp-content/uploads/BPSC_content/QuestionBooklets/NB-2024-08-09-13.pdf,Teacher Recruitment Examinations / TRE 3.0 (Advt. No. 22/2024) / (For Class 09-10) – Examination dated 21.07.2024,"Language, General Studies And Bangli"
TRE3.0,TRE3.0/For_Class_09_10_Examination_dated_21_07_2024__Language_General_Studies_And_Dance.pdf,https://bpsc.bihar.gov.in/wp-content/uploads/BPSC_content/QuestionBooklets/NB-2024-08-09-21.pdf,Teacher Recruitment Examinations / TRE 3.0 (Advt. No. 22/2024) / (For Class 09-10) – Examination dated 21.07.2024,"Language, General Studies And Dance"
TRE3.0,TRE3.0/For_Class_09_10_Examination_dated_21_07_2024__Language_General_Studies_And_English.pdf,https://bpsc.bihar.gov.in/wp-content/uploads/BPSC_content/QuestionBooklets/NB-2024-08-09-10.pdf,Teacher Recruitment Examinations / TRE 3.0 (Advt. No. 22/2024) / (For Class 09-10) – Examination dated 21.07.2024,"Language, General Studies And English"
TRE3.0,TRE3.0/For_Class_09_10_Examination_dated_21_07_2024__Language_General_Studies_And_Fine_Arts.pdf,https://bpsc.bihar.gov.in/wp-content/uploads/BPSC_content/QuestionBooklets/NB-2024-08-09-22.pdf,Teacher Recruitment Examinations / TRE 3.0 (Advt. No. 22/2024) / (For Class 09-10) – Examination dated 21.07.2024,"Language, General Studies And Fine Arts"
TRE3.0,TRE3.0/For_Class_09_10_Examination_dated_21_07_2024__Language_General_Studies_And_Hindi.pdf,https://bpsc.bihar.gov.in/wp-content/uploads/BPSC_content/QuestionBooklets/NB-2024-08-09-11.pdf,Teacher Recruitment Examinations / TRE 3.0 (Advt. No. 22/2024) / (For Class 09-10) – Examination dated 21.07.2024,"Language, General Studies And Hindi"
TRE3.0,TRE3.0/For_Class_09_10_Examination_dated_21_07_2024__Language_General_Studies_And_Maithili.pdf,https://bpsc.bihar.gov.in/wp-content/uploads/BPSC_content/QuestionBooklets/NB-2024-08-09-23.pdf,Teacher Recruitment Examinations / TRE 3.0 (Advt. No. 22/2024) / (For Class 09-10) – Examination dated 21.07.2024,"Language, General Studies And Maithili"
TRE3.0,TRE3.0/For_Class_09_10_Examination_dated_21_07_2024__Language_General_Studies_And_Mathematics.pdf,https://bpsc.bihar.gov.in/wp-content/uploads/BPSC_content/QuestionBooklets/NB-2024-08-09-18.pdf,Teacher Recruitment Examinations / TRE 3.0 (Advt. No. 22/2024) / (For Class 09-10) – Examination dated 21.07.2024,"Language, General Studies And Mathematics"
TRE3.0,TRE3.0/For_Class_09_10_Examination_dated_21_07_2024__Language_General_Studies_And_Music.pdf,https://bpsc.bihar.gov.in/wp-content/uploads/BPSC_content/QuestionBooklets/NB-2024-08-09-24.pdf,Teacher Recruitment Examinations / TRE 3.0 (Advt. No. 22/2024) / (For Class 09-10) – Examination dated 21.07.2024,"Language, General Studies And Music"
TRE3.0,TRE3.0/For_Class_09_10_Examination_dated_21_07_2024__Language_General_Studies_And_Persian.pdf,https://bpsc.bihar.gov.in/wp-content/uploads/BPSC_content/QuestionBooklets/NB-2024-08-09-16.pdf,Teacher Recruitment Examinations / TRE 3.0 (Advt. No. 22/2024) / (For Class 09-10) – Examination dated 21.07.2024,"Language, General Studies And Persian"
TRE3.0,TRE3.0/For_Class_09_10_Examination_dated_21_07_2024__Language_General_Studies_And_Physical_Education.pdf,https://bpsc.bihar.gov.in/wp-content/uploads/BPSC_content/QuestionBooklets/NB-2024-08-09-20.pdf,Teacher Recruitment Examinations / TRE 3.0 (Advt. No. 22/2024) / (For Class 09-10) – Examination dated 21.07.2024,"Language, General Studies And Physical Education"
TRE3.0,TRE3.0/For_Class_09_10_Examination_dated_21_07_2024__Language_General_Studies_And_Sanskrit.pdf,https://bpsc.bihar.gov.in/wp-content/uploads/BPSC_content/QuestionBooklets/NB-2024-08-09-14.pdf,Teacher Recruitment Examinations / TRE 3.0 (Advt. No. 22/2024) / (For Class 09-10) – Examination dated 21.07.2024,"Language, General Studies And Sanskrit"
TRE3.0,TRE3.0/For_Class_09_10_Examination_dated_21_07_2024__Language_General_Studies_And_Science.pdf,https://bpsc.bihar.gov.in/wp-content/uploads/BPSC_content/QuestionBooklets/NB-2024-08-09-17-1.pdf,Teacher Recruitment Examinations / TRE 3.0 (Advt. No. 22/2024) / (For Class 09-10) – Examination dated 21.07.2024,"Language, General Studies And Science"
TRE3.0,TRE3.0/For_Class_09_10_Examination_dated_21_07_2024__Language_General_Studies_And_Social_Science.pdf,https://bpsc.bihar.gov.in/wp-content/uploads/BPSC_content/QuestionBooklets/NB-2024-08-09-19.pdf,Teacher Recruitment Examinations / TRE 3.0 (Advt. No. 22/2024) / (For Class 09-10) – Examination dated 21.07.2024,"Language, General Studies And Social Science"
TRE3.0,TRE3.0/For_Class_09_10_Examination_dated_21_07_2024__Language_General_Studies_And_Urdu.pdf,https://bpsc.bihar.gov.in/wp-content/uploads/BPSC_content/QuestionBooklets/NB-2024-08-09-12.pdf,Teacher Recruitment Examinations / TRE 3.0 (Advt. No. 22/2024) / (For Class 09-10) – Examination dated 21.07.2024,"Language, General Studies And Urdu"
TRE3.0,TRE3.0/For_Class_11_12_Examination_dated_22_07_2024_1st_Sitting__Language_General_Studies_And_Accountancy.pdf,https://bpsc.bihar.gov.in/wp-content/uploads/BPSC_content/QuestionBooklets/NB-2024-08-09-50.pdf,"Teacher Recruitment Examinations / TRE 3.0 (Advt. No. 22/2024) / (For Class 11-12) – Examination dated 22.07.2024, 1st Sitting","Language, General Studies And Accountancy"
TRE3.0,TRE3.0/For_Class_11_12_Examination_dated_22_07_2024_1st_Sitting__Language_General_Studies_And_Arabic.pdf,https://bpsc.bihar.gov.in/wp-content/uploads/BPSC_content/QuestionBooklets/NB-2024-08-09-31.pdf,"Teacher Recruitment Examinations / TRE 3.0 (Advt. No. 22/2024) / (For Class 11-12) – Examination dated 22.07.2024, 1st Sitting","Language, General Studies And Arabic"
TRE3.0,TRE3.0/For_Class_11_12_Examination_dated_22_07_2024_1st_Sitting__Language_General_Studies_And_Bangli.pdf,https://bpsc.bihar.gov.in/wp-content/uploads/BPSC_content/QuestionBooklets/NB-2024-08-09-29.pdf,"Teacher Recruitment Examinations / TRE 3.0 (Advt. No. 22/2024) / (For Class 11-12) – Examination dated 22.07.2024, 1st Sitting","Language, General Studies And Bangli"
TRE3.0,TRE3.0/For_Class_11_12_Examination_dated_22_07_2024_1st_Sitting__Language_General_Studies_And_Bhojpuri.pdf,https://bpsc.bihar.gov.in/wp-content/uploads/BPSC_content/QuestionBooklets/NB-2024-08-09-33.pdf,"Teacher Recruitment Examinations / TRE 3.0 (Advt. No. 22/2024) / (For Class 11-12) – Examination dated 22.07.2024, 1st Sitting","Language, General Studies And Bhojpuri"
TRE3.0,TRE3.0/For_Class_11_12_Examination_dated_22_07_2024_1st_Sitting__Language_General_Studies_And_Botany.pdf,https://bpsc.bihar.gov.in/wp-content/uploads/BPSC_content/QuestionBooklets/NB-2024-08-09-39.pdf,"Teacher Recruitment Examinations / TRE 3.0 (Advt. No. 22/2024) / (For Class 11-12) – Examination dated 22.07.2024, 1st Sitting","Language, General Studies And Botany"
TRE3.0,TRE3.0/For_Class_11_12_Examination_dated_22_07_2024_1st_Sitting__Language_General_Studies_And_Business_Studies.pdf,https://bpsc.bihar.gov.in/wp-content/uploads/BPSC_content/QuestionBooklets/NB-2024-08-09-51.pdf,"Teacher Recruitment Examinations / TRE 3.0 (Advt. No. 22/2024) / (For Class 11-12) – Examination dated 22.07.2024, 1st Sitting","Language, General Studies And Business Studies"
TRE3.0,TRE3.0/For_Class_11_12_Examination_dated_22_07_2024_1st_Sitting__Language_General_Studies_And_Computer_Science.pdf,https://bpsc.bihar.gov.in/wp-content/uploads/BPSC_content/QuestionBooklets/NB-2024-08-09-49.pdf,"Teacher Recruitment Examinations / TRE 3.0 (Advt. No. 22/2024) / (For Class 11-12) – Examination dated 22.07.2024, 1st Sitting","Language, General Studies And Computer Science"
TRE3.0,TRE3.0/For_Class_11_12_Examination_dated_22_07_2024_1st_Sitting__Language_General_Studies_And_Chemistry.pdf,https://bpsc.bihar.gov.in/wp-content/uploads/BPSC_content/QuestionBooklets/NB-2024-08-09-38.pdf,"Teacher Recruitment Examinations / TRE 3.0 (Advt. No. 22/2024) / (For Class 11-12) – Examination dated 22.07.2024, 1st Sitting","Language, General Studies And Chemistry"
TRE3.0,TRE3.0/For_Class_11_12_Examination_dated_22_07_2024_1st_Sitting__Language_General_Studies_And_Economics.pdf,https://bpsc.bihar.gov.in/wp-content/uploads/BPSC_content/QuestionBooklets/NB-2024-08-09-44.pdf,"Teacher Recruitment Examinations / TRE 3.0 (Advt. No. 22/2024) / (For Class 11-12) – Examination dated 22.07.2024, 1st Sitting","Language, General Studies And Economics"
TRE3.0,TRE3.0/For_Class_11_12_Examination_dated_22_07_2024_1st_Sitting__Language_General_Studies_And_English.pdf,https://bpsc.bihar.gov.in/wp-content/uploads/BPSC_content/QuestionBooklets/NB-2024-08-09-27.pdf,"Teacher Recruitment Examinations / TRE 3.0 (Advt. No. 22/2024) / (For Class 11-12) – Examination dated 22.07.2024, 1st Sitting","Language, General Studies And English"
TRE3.0,TRE3.0/For_Class_11_12_Examination_dated_22_07_2024_1st_Sitting__Language_General_Studies_And_Entrepreneurship.pdf,https://bpsc.bihar.gov.in/wp-content/uploads/BPSC_content/QuestionBooklets/NB-2024-08-09-53.pdf,"Teacher Recruitment Examinations / TRE 3.0 (Advt. No. 22/2024) / (For Class 11-12) – Examination dated 22.07.2024, 1st Sitting","Language, General Studies And Entrepreneurship"
TRE3.0,TRE3.0/For_Class_11_12_Examination_dated_22_07_2024_1st_Sitting__Language_General_Studies_And_Geography.pdf,https://bpsc.bihar.gov.in/wp-content/uploads/BPSC_content/QuestionBooklets/NB-2024-08-09-43.pdf,"Teacher Recruitment Examinations / TRE 3.0 (Advt. No. 22/2024) / (For Class 11-12) – Examination dated 22.07.2024, 1st Sitting","Language, General Studies And Geography"
TRE3.0,TRE3.0/For_Class_11_12_Examination_dated_22_07_2024_1st_Sitting__Language_General_Studies_And_Hindi.pdf,https://bpsc.bihar.gov.in/wp-content/uploads/BPSC_content/QuestionBooklets/NB-2024-08-09-25.pdf,"Teacher Recruitment Examinations / TRE 3.0 (Advt. No. 22/2024) / (For Class 11-12) – Examination dated 22.07.2024, 1st Sitting","Language, General Studies And Hindi"
TRE3.0,TRE3.0/For_Class_11_12_Examination_dated_22_07_2024_1st_Sitting__Language_General_Studies_And_History.pdf,https://bpsc.bihar.gov.in/wp-content/uploads/BPSC_content/QuestionBooklets/NB-2024-08-09-41.pdf,"Teacher Recruitment Examinations / TRE 3.0 (Advt. No. 22/2024) / (For Class 11-12) – Examination dated 22.07.2024, 1st Sitting","Language, General Studies And History"
TRE3.0,TRE3.0/For_Class_11_12_Examination_dated_22_07_2024_1st_Sitting__Language_General_Studies_And_Home_Science.pdf,https://bpsc.bihar.gov.in/wp-content/uploads/BPSC_content/QuestionBooklets/NB-2024-08-09-48.pdf,"Teacher Recruitment Examinations / TRE 3.0 (Advt. No. 22/2024) / (For Class 11-12) – Examination dated 22.07.2024, 1st Sitting","Language, General Studies And Home Science"
TRE3.0,TRE3.0/For_Class_11_12_Examination_dated_22_07_2024_1st_Sitting__Language_General_Studies_And_Maithili.pdf,https://bpsc.bihar.gov.in/wp-content/uploads/BPSC_content/QuestionBooklets/NB-2024-08-09-30.pdf,"Teacher Recruitment Examinations / TRE 3.0 (Advt. No. 22/2024) / (For Class 11-12) – Examination dated 22.07.2024, 1st Sitting","Language, General Studies And Maithili"
TRE3.0,TRE3.0/For_Class_11_12_Examination_dated_22_07_2024_1st_Sitting__Language_General_Studies_And_Mathematics.pdf,https://bpsc.bihar.gov.in/wp-content/uploads/BPSC_content/QuestionBooklets/NB-2024-08-09-36.pdf,"Teacher Recruitment Examinations / TRE 3.0 (Advt. No. 22/2024) / (For Class 11-12) – Examination dated 22.07.2024, 1st Sitting","Language, General Studies And Mathematics"
TRE3.0,TRE3.0/For_Class_11_12_Examination_dated_22_07_2024_1st_Sitting__Language_General_Studies_And_Music.pdf,https://bpsc.bihar.gov.in/wp-content/uploads/BPSC_content/QuestionBooklets/NB-2024-08-09-52.pdf,"Teacher Recruitment Examinations / TRE 3.0 (Advt. No. 22/2024) / (For Class 11-12) – Examination dated 22.07.2024, 1st Sitting","Language, General Studies And Music"
TRE3.0,TRE3.0/For_Class_11_12_Examination_dated_22_07_2024_1st_Sitting__Language_General_Studies_And_Pali.pdf,https://bpsc.bihar.gov.in/wp-content/uploads/BPSC_content/QuestionBooklets/NB-2024-08-09-34.pdf,"Teacher Recruitment Examinations / TRE 3.0 (Advt. No. 22/2024) / (For Class 11-12) – Examination dated 22.07.2024, 1st Sitting","Language, General Studies And Pali"
TRE3.0,TRE3.0/For_Class_11_12_Examination_dated_22_07_2024_1st_Sitting__Language_General_Studies_And_Persian.pdf,https://bpsc.bihar.gov.in/wp-content/uploads/BPSC_content/QuestionBooklets/NB-2024-08-09-32.pdf,"Teacher Recruitment Examinations / TRE 3.0 (Advt. No. 22/2024) / (For Class 11-12) – Examination dated 22.07.2024, 1st Sitting","Language, General Studies And Persian"
TRE3.0,TRE3.0/For_Class_11_12_Examination_dated_22_07_2024_1st_Sitting__Language_General_Studies_And_Philosophy.pdf,https://bpsc.bihar.gov.in/wp-content/uploads/BPSC_content/QuestionBooklets/NB-2024-08-09-47.pdf,"Teacher Recruitment Examinations / TRE 3.0 (Advt. No. 22/2024) / (For Class 11-12) – Examination dated 22.07.2024, 1st Sitting","Language, General Studies And Philosophy"
TRE3.0,TRE3.0/For_Class_11_12_Examination_dated_22_07_2024_1st_Sitting__Language_General_Studies_And_Physics.pdf,https://bpsc.bihar.gov.in/wp-content/uploads/BPSC_content/QuestionBooklets/NB-2024-08-09-37.pdf,"Teacher Recruitment Examinations / TRE 3.0 (Advt. No. 22/2024) / (For Class 11-12) – Examination dated 22.07.2024, 1st Sitting","Language, General Studies And Physics"
TRE3.0,TRE3.0/For_Class_11_12_Examination_dated_22_07_2024_1st_Sitting__Language_General_Studies_And_Political_Science.pdf,https://bpsc.bihar.gov.in/wp-content/uploads/BPSC_content/QuestionBooklets/NB-2024-08-09-42.pdf,"Teacher Recruitment Examinations / TRE 3.0 (Advt. No. 22/2024) / (For Class 11-12) – Examination dated 22.07.2024, 1st Sitting","Language, General Studies And Political Science"
TRE3.0,TRE3.0/For_Class_11_12_Examination_dated_22_07_2024_1st_Sitting__Language_General_Studies_And_Psychology.pdf,https://bpsc.bihar.gov.in/wp-content/uploads/BPSC_content/QuestionBooklets/NB-2024-08-09-46.pdf,"Teacher Recruitment Examinations / TRE 3.0 (Advt. No. 22/2024) / (For Class 11-12) – Examination dated 22.07.2024, 1st Sitting","Language, General Studies And Psychology"
TRE3.0,TRE3.0/For_Class_11_12_Examination_dated_22_07_2024_1st_Sitting__Language_General_Studies_And_Prakrit.pdf,https://bpsc.bihar.gov.in/wp-content/uploads/BPSC_content/QuestionBooklets/NB-2024-08-09-35.pdf,"Teacher Recruitment Examinations / TRE 3.0 (Advt. No. 22/2024) / (For Class 11-12) – Examination dated 22.07.2024, 1st Sitting","Language, General Studies And Prakrit"
TRE3.0,TRE3.0/For_Class_11_12_Examination_dated_22_07_2024_1st_Sitting__Language_General_Studies_And_Sanskrit.pdf,https://bpsc.bihar.gov.in/wp-content/uploads/BPSC_content/QuestionBooklets/NB-2024-08-09-25-1.pdf,"Teacher Recruitment Examinations / TRE 3.0 (Advt. No. 22/2024) / (For Class 11-12) – Examination dated 22.07.2024, 1st Sitting","Language, General Studies And Sanskrit"
TRE3.0,TRE3.0/For_Class_11_12_Examination_dated_22_07_2024_1st_Sitting__Language_General_Studies_And_Sociology.pdf,https://bpsc.bihar.gov.in/wp-content/uploads/BPSC_content/QuestionBooklets/NB-2024-08-09-45.pdf,"Teacher Recruitment Examinations / TRE 3.0 (Advt. No. 22/2024) / (For Class 11-12) – Examination dated 22.07.2024, 1st Sitting","Language, General Studies And Sociology"
TRE3.0,TRE3.0/For_Class_11_12_Examination_dated_22_07_2024_1st_Sitting__Language_General_Studies_And_Urdu.pdf,https://bpsc.bihar.gov.in/wp-content/uploads/BPSC_content/QuestionBooklets/NB-2024-08-09-26.pdf,"Teacher Recruitment Examinations / TRE 3.0 (Advt. No. 22/2024) / (For Class 11-12) – Examination dated 22.07.2024, 1st Sitting","Language, General Studies And Urdu"
TRE3.0,TRE3.0/For_Class_11_12_Examination_dated_22_07_2024_1st_Sitting__Language_General_Studies_And_Zoology.pdf,https://bpsc.bihar.gov.in/wp-content/uploads/BPSC_content/QuestionBooklets/NB-2024-08-09-40.pdf,"Teacher Recruitment Examinations / TRE 3.0 (Advt. No. 22/2024) / (For Class 11-12) – Examination dated 22.07.2024, 1st Sitting","Language, General Studies And Zoology"
